RANK,"MALE NAME","NUMBER OF MALES","FEMALE NAME","NUMBER OF FEMALES"
1,Liam,18798,Emma,19800
2,Noah,18410,Olivia,18703
3,William,14967,Ava,15958
4,James,14291,Isabella,15180
5,Logan,14014,Sophia,14883
6,Benjamin,13797,Mia,13470
7,Mason,13549,Charlotte,12937
8,Elijah,13344,Amelia,11833
9,Oliver,13193,Evelyn,10712
10,Jacob,13178,Abigail,10607
11,Lucas,12996,Harper,10487
12,Michael,12639,Emily,9781
13,Alexander,12519,Elizabeth,8955
14,Ethan,12439,Avery,8205
15,Daniel,11691,Sofia,8160
16,Matthew,11671,Ella,8046
17,Aiden,11303,Madison,7875
18,Henry,10461,Scarlett,7702
19,Joseph,10437,Victoria,7292
20,Jackson,10399,Aria,7149
21,Samuel,10395,Grace,7040
22,David,10187,Chloe,6944
23,Sebastian,10172,Camila,6766
24,Carter,9787,Penelope,6652
25,Wyatt,9688,Riley,6353
26,Jayden,9534,Layla,6303
27,John,9486,Lillian,6160
28,Owen,9338,Nora,6055
29,Dylan,9295,Zoey,6045
30,Luke,9195,Mila,5964
31,Gabriel,9131,Aubrey,5911
32,Isaac,8851,Hannah,5907
33,Anthony,8833,Lily,5837
34,Grayson,8679,Addison,5616
35,Jack,8454,Eleanor,5537
36,Julian,8422,Natalie,5534
37,Levi,8418,Luna,5344
38,Christopher,8285,Savannah,5238
39,Joshua,8284,Brooklyn,5186
40,Andrew,8251,Leah,5175
41,Lincoln,8179,Zoe,5158
42,Mateo,7757,Stella,5055
43,Ryan,7674,Hazel,5023
44,Jaxon,7673,Ellie,5005
45,Nathan,7418,Paisley,4940
46,Isaiah,7212,Audrey,4825
47,Aaron,7196,Violet,4719
48,Charles,7162,Skylar,4718
49,Thomas,7162,Claire,4693
50,Caleb,7125,Bella,4638
51,Josiah,7016,Aurora,4591
52,Christian,6996,Lucy,4587
53,Hunter,6722,Anna,4544
54,Eli,6601,Samantha,4318
55,Jonathan,6503,Caroline,4283
56,Connor,6404,Genesis,4254
57,Landon,6343,Aaliyah,4174
58,Adrian,6219,Kennedy,4152
59,Asher,6030,Kinsley,4044
60,Cameron,5954,Maya,4028
61,Leo,5950,Allison,4027
62,Theodore,5950,Sarah,4009
63,Jeremiah,5840,Madelyn,3953
64,Hudson,5781,Adeline,3920
65,Robert,5528,Alexa,3891
66,Easton,5502,Gabriella,3879
67,Nolan,5389,Ariana,3876
68,Nicholas,5348,Elena,3873
69,Ezra,5320,Naomi,3841
70,Colton,5278,Alice,3816
71,Angel,5257,Sadie,3710
72,Brayden,5155,Hailey,3699
73,Jordan,5132,Eva,3629
74,Dominic,5094,Autumn,3594
75,Austin,5039,Emilia,3589
76,Ian,5018,Quinn,3589
77,Adam,4919,Nevaeh,3584
78,Elias,4912,Ruby,3566
79,Jaxson,4838,Serenity,3559
80,Greyson,4835,Piper,3555
81,Jose,4793,Willow,3551
82,Ezekiel,4742,Everly,3516
83,Carson,4740,Cora,3441
84,Evan,4721,Kaylee,3403
85,Maverick,4720,Lydia,3327
86,Bryson,4652,Aubree,3316
87,Jace,4631,Arianna,3276
88,Cooper,4604,Eliana,3269
89,Xavier,4489,Peyton,3250
90,Parker,4364,Melanie,3232
91,Roman,4265,Gianna,3189
92,Jason,4241,Isabelle,3157
93,Santiago,4197,Julia,3116
94,Chase,4168,Valentina,3037
95,Sawyer,4162,Nova,3036
96,Gavin,4147,Clara,3035
97,Leonardo,4125,Vivian,3023
98,Kayden,3984,Reagan,3001
99,Ayden,3945,Madeline,2952
100,Jameson,3922,Mackenzie,2950
101,Kevin,3818,Brielle,2891
102,Bentley,3808,Delilah,2882
103,Zachary,3800,Isla,2874
104,Axel,3778,Katherine,2853
105,Everett,3776,Rylee,2853
106,Tyler,3762,Sophie,2831
107,Micah,3683,Josephine,2813
108,Vincent,3659,Ivy,2770
109,Weston,3645,Liliana,2757
110,Miles,3621,Jade,2732
111,Wesley,3564,Maria,2707
112,Nathaniel,3516,Hadley,2706
113,Harrison,3515,Taylor,2699
114,Brandon,3486,Kylie,2695
115,Declan,3462,Emery,2692
116,Cole,3460,Adalynn,2659
117,Luis,3382,Faith,2620
118,Damian,3334,Annabelle,2614
119,Braxton,3330,Natalia,2609
120,Silas,3319,Alexandra,2600
121,Tristan,3290,Ximena,2542
122,Ryder,3252,Ashley,2524
123,Bennett,3176,Brianna,2511
124,George,3161,Raelynn,2448
125,Emmett,3158,Bailey,2423
126,Kai,3140,Mary,2402
127,Justin,3134,Athena,2372
128,Max,3134,Andrea,2319
129,Diego,3095,Leilani,2272
130,Luca,3082,Lyla,2264
131,Ryker,3075,Jasmine,2263
132,Carlos,3069,Margaret,2253
133,Maxwell,3069,Alyssa,2236
134,Kingston,3059,Adalyn,2203
135,Ivan,3036,Arya,2163
136,Maddox,3032,Norah,2153
137,Juan,2991,Khloe,2147
138,Ashton,2944,Kayla,2118
139,Jayce,2898,Eden,2090
140,Rowan,2841,Eliza,2074
141,Kaiden,2811,Rose,2071
142,Giovanni,2793,Ariel,2065
143,Eric,2764,Melody,2059
144,Jesus,2745,Alexis,2054
145,Abel,2699,Isabel,2028
146,Calvin,2698,Sydney,2011
147,King,2677,Juliana,1995
148,Camden,2660,Iris,1982
149,Blake,2613,Lauren,1982
150,Amir,2611,Emerson,1972
151,Alex,2592,London,1966
152,Brody,2547,Morgan,1921
153,Malachi,2525,Lilly,1919
154,Emmanuel,2511,Charlie,1908
155,Jonah,2508,Aliyah,1906
156,Jude,2507,Valeria,1888
157,Beau,2500,Sara,1882
158,Antonio,2476,Arabella,1881
159,Alan,2440,Finley,1862
160,Elliott,2435,Trinity,1855
161,Elliot,2428,Ryleigh,1851
162,Waylon,2420,Jordyn,1839
163,Timothy,2405,Jocelyn,1835
164,Xander,2403,Kimberly,1832
165,Victor,2400,Esther,1828
166,Bryce,2384,Molly,1825
167,Finn,2377,Valerie,1818
168,Brantley,2323,Cecilia,1809
169,Abraham,2321,Anastasia,1798
170,Edward,2315,Daisy,1790
171,Patrick,2295,Reese,1751
172,Grant,2288,Laila,1742
173,Hayden,2280,Mya,1735
174,Richard,2279,Amy,1730
175,Karter,2276,Teagan,1729
176,Miguel,2272,Elise,1714
177,Joel,2255,Amaya,1712
178,Gael,2236,Harmony,1699
179,Tucker,2216,Paige,1694
180,Rhett,2197,Fiona,1680
181,Avery,2189,Adaline,1675
182,Steven,2157,Alaina,1664
183,Graham,2108,Genevieve,1662
184,Jasper,2101,Nicole,1661
185,Kaleb,2099,Lucia,1657
186,Jesse,2087,Alina,1656
187,Dean,2077,Mckenzie,1651
188,Matteo,2076,Callie,1646
189,Preston,2067,Payton,1643
190,Zayden,2067,Eloise,1627
191,August,2052,Brooke,1617
192,Oscar,2043,Londyn,1612
193,Jeremy,2041,Rachel,1610
194,Alejandro,2031,Mariah,1609
195,Marcus,2023,Gracie,1603
196,Dawson,2008,Julianna,1599
197,Lorenzo,1999,Daniela,1590
198,Messiah,1978,Catherine,1577
199,Zion,1969,Angelina,1558
200,River,1963,Josie,1531
201,Maximus,1958,Presley,1531
202,Zane,1946,Harley,1522
203,Mark,1940,Adelyn,1515
204,Brooks,1929,Vanessa,1514
205,Judah,1913,Makayla,1499
206,Nicolas,1912,Amara,1491
207,Paxton,1904,Juliette,1490
208,Emiliano,1872,Parker,1489
209,Kaden,1849,Marley,1469
210,Bryan,1835,Lila,1468
211,Kyle,1832,Ana,1449
212,Myles,1801,Rowan,1443
213,Peter,1791,Alana,1438
214,Charlie,1782,Michelle,1427
215,Kyrie,1776,Malia,1426
216,Brian,1770,Rebecca,1425
217,Thiago,1766,Brooklynn,1420
218,Kenneth,1759,Brynlee,1413
219,Andres,1752,Summer,1407
220,Lukas,1730,Sloane,1406
221,Aidan,1725,Leila,1404
222,Jax,1711,Sienna,1401
223,Caden,1710,Adriana,1396
224,Milo,1698,Kendall,1388
225,Paul,1690,Sawyer,1388
226,Beckett,1684,Destiny,1381
227,Brady,1684,Juliet,1380
228,Colin,1664,Elliana,1377
229,Bradley,1644,Alayna,1375
230,Omar,1641,Diana,1365
231,Javier,1640,Ayla,1355
232,Jaden,1635,Dakota,1353
233,Knox,1634,Hayden,1353
234,Barrett,1609,Angela,1347
235,Israel,1591,Rosalie,1346
236,Matias,1560,Joanna,1344
237,Zander,1554,Noelle,1344
238,Jorge,1548,Jayla,1340
239,Derek,1543,Alivia,1333
240,Josue,1536,Emersyn,1328
241,Cayden,1530,Lola,1328
242,Holden,1527,Georgia,1313
243,Griffin,1520,Selena,1299
244,Felix,1511,June,1296
245,Leon,1510,Tessa,1291
246,Arthur,1509,Daleyza,1286
247,Killian,1501,Maggie,1281
248,Remington,1501,Jessica,1278
249,Jake,1498,Remi,1270
250,Clayton,1486,Delaney,1263
251,Sean,1473,Vivienne,1259
252,Adriel,1465,Camille,1258
253,Riley,1465,Hope,1258
254,Archer,1455,Olive,1251
255,Legend,1453,Mckenna,1249
256,Erick,1432,Alexandria,1247
257,Enzo,1426,Gemma,1246
258,Corbin,1418,Blakely,1229
259,Francisco,1401,Izabella,1226
260,Dallas,1393,Catalina,1225
261,Emilio,1393,Journee,1214
262,Gunner,1386,Raegan,1214
263,Simon,1376,Gabrielle,1213
264,Andre,1365,Ruth,1204
265,Walter,1362,Lucille,1200
266,Damien,1346,Amiyah,1196
267,Phoenix,1344,Evangeline,1191
268,Chance,1337,Thea,1186
269,Tobias,1331,Blake,1184
270,Colt,1330,River,1176
271,Stephen,1330,Amina,1174
272,Tanner,1327,Giselle,1173
273,Manuel,1325,Lilah,1171
274,Kameron,1324,Melissa,1169
275,Emerson,1317,Kate,1166
276,Amari,1316,Adelaide,1160
277,Louis,1299,Vera,1158
278,Finley,1292,Charlee,1156
279,Cody,1291,Jane,1156
280,Iker,1285,Journey,1155
281,Martin,1282,Gabriela,1154
282,Nash,1280,Leia,1154
283,Rafael,1280,Zara,1153
284,Beckham,1269,Miriam,1148
285,Cash,1266,Elaina,1141
286,Karson,1261,Stephanie,1131
287,Rylan,1256,Briella,1130
288,Reid,1246,Cali,1125
289,Ace,1231,Ember,1117
290,Theo,1229,Aniyah,1114
291,Eduardo,1228,Lilliana,1110
292,Spencer,1205,Kamila,1104
293,Raymond,1200,Logan,1103
294,Anderson,1198,Ariella,1098
295,Maximiliano,1196,Brynn,1093
296,Ronan,1193,Makenzie,1092
297,Cristian,1181,Annie,1090
298,Lane,1178,Haven,1087
299,Titus,1174,Elsie,1086
300,Jett,1169,Kali,1086
301,Bodhi,1165,Mariana,1086
302,Ricardo,1164,Paris,1082
303,Travis,1164,Lena,1080
304,Gideon,1155,Nyla,1077
305,Jaiden,1139,Freya,1075
306,Fernando,1137,Adelynn,1068
307,Mario,1135,Lyric,1061
308,Conor,1129,Camilla,1054
309,Keegan,1116,Jennifer,1048
310,Ali,1114,Sage,1045
311,Ellis,1107,Paislee,1043
312,Cesar,1100,Juniper,1041
313,Jayceon,1100,Talia,1041
314,Cohen,1099,Alessandra,1034
315,Walker,1099,Fatima,1033
316,Arlo,1087,Raelyn,1023
317,Dante,1075,Amira,1020
318,Hector,1071,Phoebe,1017
319,Kyler,1065,Ada,1015
320,Seth,1060,Arielle,1015
321,Garrett,1056,Kinley,1015
322,Donovan,1055,Nina,1015
323,Tyson,1053,Ariah,1007
324,Jeffrey,1052,Samara,1007
325,Desmond,1044,Myla,1000
326,Jase,1044,Brinley,999
327,Caiden,1043,Cassidy,999
328,Atlas,1041,Maci,999
329,Gage,1036,Aspen,992
330,Major,1036,Allie,990
331,Devin,1034,Keira,987
332,Edwin,1032,Kaia,984
333,Angelo,1023,Makenna,974
334,Orion,1022,Heaven,962
335,Conner,1013,Joy,961
336,Marco,1010,Amanda,958
337,Jensen,1003,Lia,950
338,Julius,1002,Madilyn,949
339,Daxton,1000,Laura,948
340,Peyton,996,Gracelyn,944
341,Collin,991,Evelynn,942
342,Dakota,990,Lexi,942
343,Zayn,989,Haley,941
344,Jaylen,987,Miranda,938
345,Prince,983,Felicity,935
346,Johnny,968,Kaitlyn,934
347,Kayson,967,Daniella,929
348,Cruz,966,Evie,926
349,Hendrix,963,Jacqueline,925
350,Atticus,955,Angel,920
351,Troy,950,Danielle,912
352,Kane,942,Ainsley,901
353,Sergio,940,Dylan,892
354,Edgar,939,Kiara,887
355,Kash,937,Millie,887
356,Marshall,936,Jordan,886
357,Johnathan,934,Rylie,882
358,Romeo,916,Maddison,878
359,Shane,913,Alicia,867
360,Warren,911,Maeve,865
361,Trevor,904,Margot,859
362,Joaquin,903,Kylee,857
363,Leonel,902,Phoenix,856
364,Wade,902,Heidi,853
365,Dominick,901,Zuri,849
366,Quinn,900,Madeleine,847
367,Odin,899,Alondra,845
368,Erik,898,Lana,844
369,Muhammad,897,Gracelynn,841
370,Jaxton,892,Kenzie,840
371,Dalton,890,Miracle,837
372,Frank,887,Shelby,835
373,Gregory,887,Adrianna,831
374,Nehemiah,885,Elle,831
375,Grady,884,Bianca,830
376,Andy,878,Addilyn,823
377,Solomon,874,Esmeralda,820
378,Malik,864,Kira,820
379,Clark,861,Veronica,820
380,Reed,858,Gwendolyn,817
381,Rory,858,Chelsea,814
382,Harvey,851,Skyler,814
383,Jay,848,Alison,813
384,Zayne,848,Magnolia,813
385,Jared,844,Daphne,812
386,Noel,832,Everleigh,806
387,Shawn,825,Jenna,806
388,Fabian,821,Kyla,805
389,Ibrahim,815,Braelynn,800
390,Leland,814,Harlow,797
391,Malcolm,813,Annalise,794
392,Adonis,812,Mikayla,794
393,Ismael,811,Dahlia,793
394,Pedro,811,Maliyah,789
395,Malakai,807,Kayleigh,787
396,Kason,806,Averie,786
397,Alexis,803,Kelsey,786
398,Porter,802,Scarlet,784
399,Ari,795,Luciana,782
400,Sullivan,795,Gia,780
401,Raiden,793,Nadia,780
402,Allen,789,Amber,779
403,Princeton,786,Christina,777
404,Russell,785,Erin,777
405,Winston,781,Kamryn,777
406,Roberto,778,Yaretzi,777
407,Kendrick,775,Jimena,776
408,Finnegan,762,Katie,776
409,Hayes,762,Carmen,774
410,Lennox,762,Ryan,773
411,Nasir,753,Viviana,771
412,Landen,751,Alexia,768
413,Nico,751,Anaya,767
414,Emanuel,750,Serena,765
415,Kade,750,Katelyn,764
416,Moises,748,Ophelia,763
417,Hugo,746,Regina,762
418,Ruben,746,Helen,760
419,Adan,741,Remington,758
420,Abram,740,Camryn,754
421,Zaiden,733,Royalty,752
422,Augustus,732,Cadence,747
423,Khalil,732,Amari,746
424,Cyrus,731,Jada,746
425,Marcos,728,Kathryn,746
426,Philip,728,Skye,746
427,Phillip,726,Ariyah,744
428,Esteban,724,Emely,743
429,Bruce,719,Cheyenne,739
430,Braylen,718,Saylor,739
431,Kamden,717,Aylin,738
432,Albert,715,Francesca,738
433,Lawson,711,Sabrina,736
434,Sterling,711,Kendra,735
435,Kyson,709,Fernanda,733
436,Damon,707,Eve,729
437,Gunnar,705,Mckinley,728
438,Jamison,705,Frances,726
439,Franklin,704,Sarai,720
440,Luka,703,Carolina,719
441,Ezequiel,700,Nylah,716
442,Pablo,698,Kennedi,715
443,Zachariah,698,Tatum,711
444,Cade,695,Winter,708
445,Derrick,695,Zariah,708
446,Jonas,690,Lennon,707
447,Dexter,683,Raven,707
448,Kolton,681,Alani,705
449,Trenton,681,Leslie,702
450,Remy,680,Mabel,702
451,Tate,680,Sierra,702
452,Hank,679,Abby,696
453,Drew,673,Willa,696
454,Kian,673,April,693
455,Dax,662,Selah,693
456,Mohamed,662,Carly,691
457,Rocco,662,Rosemary,691
458,Mathias,660,Jolene,690
459,Bowen,658,Madelynn,690
460,Francis,658,Aviana,688
461,Ronald,657,Lorelei,683
462,Matthias,655,Renata,683
463,Maximilian,650,Briana,679
464,Milan,650,Celeste,674
465,Corey,649,Wren,672
466,Royce,649,Charleigh,670
467,Skyler,648,Annabella,669
468,Kasen,642,Leighton,667
469,Drake,640,Braelyn,663
470,Gerardo,637,Jayleen,662
471,Jayson,632,Ashlyn,660
472,Sage,627,Jazlyn,660
473,Moses,626,Mira,660
474,Benson,624,Oakley,656
475,Braylon,623,Malaysia,654
476,Alijah,617,Edith,653
477,Rhys,616,Hattie,651
478,Otto,615,Avianna,648
479,Oakley,610,Emmalyn,647
480,Armando,607,Kensley,647
481,Jaime,606,Maryam,647
482,Nixon,605,Sylvia,644
483,Saul,604,Marlee,642
484,Scott,604,Macie,641
485,Brycen,601,Cataleya,639
486,Ariel,600,Demi,639
487,Donald,600,Maia,639
488,Enrique,600,Allyson,638
489,Chandler,592,Bristol,638
490,Asa,590,Lilith,636
491,Eden,588,Itzel,635
492,Davis,584,Kaydence,634
493,Keith,584,Melany,632
494,Rowen,583,Holly,630
495,Lawrence,582,Nia,630
496,Frederick,581,Nayeli,629
497,Leonidas,581,Liana,627
498,Aden,580,Meredith,627
499,Julio,580,Megan,626
500,Darius,577,Bethany,624
501,Johan,576,Justice,623
502,Danny,575,Janelle,621
503,Deacon,575,Alejandra,617
504,Taylor,573,Ashlynn,617
505,Cason,572,Elianna,617
506,Nikolai,572,Adelina,616
507,Royal,572,Elisa,616
508,Alec,571,Myra,615
509,Armani,569,Aleah,613
510,Omari,569,Lainey,613
511,Kieran,567,Blair,612
512,Luciano,567,Kassidy,612
513,Rodrigo,566,Charley,610
514,Arjun,563,Virginia,610
515,Raphael,559,Kara,608
516,Ahmed,558,Helena,604
517,Ronin,558,Michaela,604
518,Brendan,557,Sasha,602
519,Cullen,556,Julie,601
520,Raul,555,Carter,599
521,Brock,550,Henley,598
522,Alonzo,549,Matilda,598
523,Pierce,546,Kehlani,597
524,Dillon,543,Maisie,595
525,Casey,542,Hallie,594
526,Uriel,538,Jazmin,590
527,Moshe,535,Priscilla,590
528,Dustin,534,Cecelia,582
529,Roland,534,Colette,582
530,Gianni,532,Marilyn,582
531,Landyn,529,Danna,580
532,Apollo,527,Elliott,580
533,Emmitt,527,Baylee,578
534,Kobe,527,Ivanna,577
535,Roy,527,Alayah,575
536,Ryland,527,Cameron,575
537,Aarav,526,Celine,575
538,Dorian,526,Hanna,574
539,Duke,521,Imani,573
540,Sam,521,Angelica,571
541,Quentin,520,Emelia,568
542,Lewis,518,Kalani,568
543,Tony,517,Addyson,567
544,Uriah,516,Macy,565
545,Dennis,514,Alanna,564
546,Braden,508,Lorelai,564
547,Isaias,507,Karina,563
548,Quinton,506,Aleena,561
549,Niko,505,Johanna,561
550,Ayaan,503,Leona,561
551,Cannon,503,Aisha,560
552,Mathew,503,Mallory,558
553,Kellan,502,Kynlee,557
554,Edison,495,Madilynn,555
555,Jerry,493,Mariam,554
556,Izaiah,489,Karla,553
557,Gustavo,486,Karen,552
558,Jamari,485,Beatrice,548
559,Marvin,485,Skyla,547
560,Mauricio,484,Dayana,543
561,Ahmad,481,Gloria,541
562,Justice,481,Milani,538
563,Trey,481,Savanna,535
564,Mohammad,480,Karsyn,533
565,Sincere,479,Giuliana,532
566,Elian,478,Rory,532
567,Mohammed,478,Lauryn,531
568,Callen,477,Liberty,531
569,Yusuf,477,Galilea,530
570,Arturo,476,Charli,529
571,Keaton,475,Aubrie,527
572,Memphis,475,Brylee,525
573,Rayan,475,Kyleigh,525
574,Wilder,475,Jillian,524
575,Mekhi,473,Anne,522
576,Cayson,472,Azalea,520
577,Conrad,468,Dallas,520
578,Kyree,468,Haylee,520
579,Kaison,467,Jayda,519
580,Lucian,467,Avah,517
581,Soren,467,Tiffany,517
582,Colby,465,Shiloh,516
583,Cassius,464,Bailee,515
584,Bryant,463,Esme,513
585,Brennan,462,Jazmine,512
586,Marcelo,462,Coraline,511
587,Nikolas,462,Madisyn,511
588,Alfredo,461,Elaine,507
589,Darren,459,Kyra,506
590,Jasiah,459,Lilian,506
591,Forrest,458,Irene,505
592,Lionel,458,Kaliyah,505
593,Chris,457,Octavia,505
594,Reece,457,Dorothy,504
595,Ty,457,Kora,503
596,Jimmy,456,Kelly,502
597,Korbin,455,Laurel,502
598,Tatum,453,Remy,502
599,Jalen,448,Lacey,501
600,Santino,445,Adley,500
601,Case,440,Anika,500
602,Issac,436,Sutton,500
603,Leonard,435,Janiyah,499
604,Alvin,434,Kimber,498
605,Samson,434,Rebekah,498
606,Bo,432,Cassandra,497
607,Quincy,432,Julieta,497
608,Alberto,431,Sloan,497
609,Rex,431,Amalia,494
610,Callum,430,Collins,494
611,Curtis,430,Elliot,494
612,Hezekiah,430,Jamie,494
613,Mack,430,Jemma,494
614,Kamari,428,Emmy,493
615,Finnley,425,Hayley,493
616,Briggs,424,Jaylah,486
617,Zeke,424,Melina,486
618,Neil,421,Leyla,485
619,Raylan,421,Kailani,484
620,Julien,419,Anahi,482
621,Titan,419,Jaliyah,481
622,Devon,418,Harlee,479
623,Kellen,418,Saige,476
624,Kylan,417,Wynter,475
625,Axton,416,Alessia,473
626,Crosby,415,Monica,472
627,Roger,415,Anya,471
628,Carl,413,Emberly,469
629,Larry,413,Antonella,468
630,Douglas,411,Ivory,467
631,Fletcher,410,Khaleesi,467
632,Makai,410,Emory,465
633,Nelson,410,Greta,465
634,Alden,408,Alena,464
635,Lance,408,Maren,464
636,Hamza,407,Cynthia,461
637,Gary,406,Addisyn,460
638,Bruno,403,Alaia,460
639,Jakob,403,Alia,460
640,Wilson,403,Mae,459
641,Ares,402,Angie,458
642,Cairo,402,Ariya,458
643,Kashton,402,Lylah,458
644,Alessandro,401,Aileen,455
645,Nathanael,401,Alma,455
646,Stetson,401,Crystal,455
647,Byron,399,Jayde,455
648,Harley,399,Kinslee,455
649,Harry,399,Zahra,455
650,Zain,399,Zelda,455
651,Maurice,395,Katalina,454
652,Mitchell,395,Reyna,454
653,Kingsley,393,Siena,454
654,Orlando,391,Kailey,453
655,Ramon,390,Marie,453
656,Trent,389,Pearl,453
657,Kaysen,388,Jessie,450
658,Sylas,388,Tiana,450
659,Boston,387,Amirah,449
660,Noe,386,Madalyn,449
661,Jagger,385,Alaya,448
662,Lucca,385,Lilyana,446
663,Thaddeus,385,Julissa,442
664,Reyansh,384,Armani,440
665,Vihaan,383,Lennox,440
666,Randy,381,Lillie,440
667,Lennon,380,Rosa,439
668,Kannon,377,Laney,438
669,Kohen,377,Mara,438
670,Yosef,377,Jolie,437
671,Abdiel,376,Roselyn,437
672,Salvador,376,Joelle,436
673,Tristen,376,Kaylani,435
674,Valentino,376,Liv,435
675,Kristopher,374,Aurelia,434
676,Langston,374,Bridget,434
677,Maxton,374,Oaklyn,434
678,Rohan,372,Clarissa,431
679,Deandre,366,Marissa,430
680,Lee,366,Rosie,429
681,Morgan,366,Elyse,428
682,Rayden,365,Monroe,427
683,Tripp,364,Kori,426
684,Callan,363,Aliza,425
685,Joe,363,Poppy,425
686,Ricky,362,Elsa,424
687,Dariel,360,Emmie,424
688,Colten,359,Amelie,423
689,Jedidiah,358,Aitana,422
690,Reese,358,Eileen,421
691,Terry,356,Chaya,420
692,Bronson,354,Braylee,419
693,Clay,354,Milana,418
694,Eddie,354,Royal,417
695,Jefferson,353,Addilynn,416
696,Lachlan,353,Frida,416
697,Layne,353,Bonnie,414
698,Madden,353,Amora,413
699,Amos,352,Stevie,412
700,Jamir,351,Emerie,410
701,Tomas,351,Malaya,410
702,Kareem,349,Mina,410
703,Stanley,349,Tatiana,410
704,Brayan,347,Reign,407
705,Clyde,347,Annika,406
706,Ernesto,346,Zaylee,406
707,Kase,346,Kenia,405
708,Kristian,345,Linda,405
709,Ford,344,Kenna,404
710,Tommy,344,Faye,403
711,Brecken,343,Jaelyn,402
712,Chaim,342,Kadence,402
713,Casen,341,Reina,402
714,Braydon,340,Astrid,401
715,Crew,339,Brittany,401
716,Axl,338,Marina,401
717,Hassan,338,Mikaela,401
718,Boone,335,Kaylie,399
719,Samir,335,Bria,398
720,Leandro,333,Briar,397
721,Magnus,333,Lyra,396
722,Abdullah,332,Teresa,396
723,Jaziel,332,Hadassah,394
724,Branson,331,Lilianna,394
725,Yousef,330,Noa,392
726,Jaxen,328,Guadalupe,391
727,Franco,327,Rayna,391
728,Jadiel,327,Chanel,390
729,Layton,327,Laylah,389
730,Ben,326,Zariyah,389
731,Grey,326,Meadow,388
732,Kelvin,326,Aubrielle,387
733,Melvin,324,Aniya,385
734,Ridge,324,Livia,385
735,Demetrius,323,Ellen,383
736,Blaine,322,Elora,382
737,Colson,322,Clementine,381
738,Lochlan,322,Hunter,381
739,Anakin,321,Leanna,381
740,Aryan,321,Milan,381
741,Dash,320,Amiya,380
742,Jon,319,Ellis,380
743,Otis,318,Princess,379
744,Canaan,317,Nathalie,378
745,Zechariah,317,Nola,378
746,Alonso,316,Tenley,375
747,Zaire,316,Lina,374
748,Brett,314,Martha,374
749,Marcel,314,Simone,374
750,Dominik,312,Louisa,372
751,Stefan,312,Sariah,372
752,Aldo,311,Marianna,371
753,Dane,311,Emmeline,369
754,Flynn,311,Noemi,369
755,Jeffery,311,Belen,368
756,Talon,311,Kenley,368
757,Baylor,310,Myah,368
758,Enoch,309,Erika,365
759,Carmelo,308,Everlee,364
760,Jamal,308,Lara,364
761,Kole,308,Maleah,364
762,Kye,308,Amani,362
763,Graysen,307,Ansley,362
764,Fisher,306,Salma,362
765,Aron,305,Dulce,358
766,Fox,305,Elisabeth,358
767,Ray,305,Jaelynn,358
768,Terrance,305,Kiera,358
769,Vicente,305,Nala,358
770,Jamie,303,Penny,357
771,Joziah,303,Mercy,356
772,Rey,303,Averi,355
773,Zaid,303,Deborah,355
774,Emery,302,Natasha,355
775,Gannon,302,Raina,354
776,Allan,301,Ariadne,353
777,Felipe,301,Yareli,353
778,Rodney,301,Zaria,353
779,Sonny,301,Hana,352
780,Zyaire,301,Kairi,352
781,Cory,300,Aya,350
782,Juelz,300,Lexie,350
783,Augustine,299,Ryann,350
784,Jacoby,299,Thalia,349
785,Joey,298,Christine,348
786,Marc,297,Estella,348
787,Bobby,296,Karter,348
788,Harlan,296,Annabel,347
789,Anson,295,Keyla,347
790,Marlon,291,Tori,346
791,Huxley,290,Adele,345
792,Anders,289,Landry,345
793,Guillermo,289,Estelle,344
794,Shepherd,289,Miah,344
795,Azariah,288,Perla,344
796,Payton,288,Rylan,344
797,Castiel,286,Lailah,343
798,Damari,286,Rivka,342
799,Harold,285,Angelique,341
800,Harper,285,Avalynn,341
801,Elisha,284,Romina,341
802,Henrik,284,Mavis,340
803,Kairo,284,Scarlette,340
804,Houston,283,Ari,338
805,Willie,282,Louise,338
806,Emory,280,Jaycee,337
807,Skylar,280,Jaylene,337
808,Toby,280,Kai,337
809,Ameer,279,Belle,336
810,Blaze,278,Lea,336
811,Wayne,278,Zaniyah,336
812,Alfonso,277,Ayleen,335
813,Brentley,277,Calliope,335
814,Shiloh,277,Nalani,335
815,Sutton,277,Dalary,334
816,Bodie,275,Sky,334
817,Darian,274,Isabela,333
818,Eugene,274,Joselyn,333
819,Gordon,274,Kaelyn,333
820,London,274,Giovanna,331
821,Jermaine,273,Jewel,331
822,Denver,272,Paola,331
823,Jordy,272,Dream,330
824,Kody,270,Karlee,330
825,Gerald,269,Madalynn,330
826,Merrick,269,Aubriella,328
827,Vincenzo,269,Tinley,328
828,Musa,268,Whitney,328
829,Yahir,268,Aliana,327
830,Brodie,267,Azariah,327
831,Tadeo,266,Corinne,327
832,Bentlee,265,Erica,326
833,Billy,265,Claudia,325
834,Darwin,265,Joyce,325
835,Trace,265,Milena,325
836,Vance,265,Alyson,324
837,Hugh,264,Carolyn,324
838,Westin,264,Celia,324
839,Reginald,263,Kallie,324
840,Arian,262,Emilee,323
841,Cain,262,Paisleigh,323
842,Dayton,262,Tinsley,323
843,Javion,262,Zoie,323
844,Terrence,262,Frankie,321
845,Brysen,261,Jaylee,321
846,Westley,261,Opal,321
847,Jaxxon,260,Aiyana,320
848,Thatcher,260,Judith,320
849,Miller,259,Amayah,319
850,Landry,258,Amia,319
851,Rene,258,Analia,319
852,Ephraim,256,Andi,319
853,Alvaro,255,Chana,319
854,Cristiano,255,Paula,319
855,Eliseo,255,Xiomara,319
856,Jerome,255,Audrina,318
857,Caspian,254,Cara,318
858,Adrien,253,Hadlee,318
859,Aydin,253,Lyanna,318
860,Kendall,253,Rayne,318
861,Khalid,253,Amaris,316
862,Junior,252,Gwen,316
863,Mayson,252,Rhea,316
864,Alfred,251,Clare,315
865,Duncan,251,Veda,315
866,Koda,251,Giana,314
867,Maison,251,Sariyah,314
868,Zavier,251,Alisha,313
869,Zackary,250,Davina,313
870,Maxim,249,Lindsey,313
871,Kace,248,Danica,312
872,Keagan,246,Kathleen,312
873,Rudy,246,Nancy,312
874,Coleman,245,Noor,312
875,Davion,245,Lillianna,311
876,Kolten,245,Paulina,311
877,Maximo,245,Hailee,310
878,Briar,244,Harleigh,310
879,Dario,244,Maxine,310
880,Kalel,244,Raylee,310
881,Rogelio,244,Jessa,309
882,Jairo,243,Raquel,308
883,Micheal,243,Zainab,308
884,Misael,243,Lisa,307
885,Terrell,243,Heavenly,306
886,Brixton,242,Aminah,305
887,Xzavier,242,Patricia,305
888,Aaden,241,Oaklynn,304
889,Draven,241,Emmalynn,302
890,Heath,241,India,302
891,Wesson,241,Janessa,302
892,Keanu,240,Paloma,302
893,Ronnie,240,Ramona,302
894,Darrell,239,Sandra,300
895,Konnor,238,Abril,298
896,Leighton,238,Emmaline,298
897,Reuben,238,Kassandra,298
898,Salvatore,238,Vienna,298
899,Shaun,238,Itzayana,297
900,Will,238,Marleigh,297
901,Yehuda,238,Rosalyn,297
902,Frankie,237,Barbara,296
903,Coen,236,Kailyn,296
904,Dangelo,236,Novalee,296
905,Kamryn,236,Taliyah,295
906,Santana,236,Avalyn,294
907,Dimitri,235,Meilani,294
908,Mustafa,235,Hadleigh,293
909,Van,235,Iliana,293
910,Ayan,234,Luella,293
911,Blaise,234,Blaire,292
912,Benton,233,Brenda,292
913,Keenan,233,Casey,292
914,Lamar,233,Jana,292
915,Wells,233,Aadhya,291
916,Achilles,232,Alannah,291
917,Channing,231,Annalee,290
918,Ishaan,231,Malani,289
919,Nova,230,Selene,289
920,Yahya,230,Lizbeth,288
921,Dilan,229,Miley,288
922,Gibson,229,Adrienne,287
923,Ulises,229,Aliya,287
924,Camdyn,228,Bexley,286
925,Alexzander,226,Nataly,286
926,Shepard,226,Zion,286
927,Valentin,226,Joslyn,285
928,Alistair,225,Maliah,285
929,Leroy,225,Breanna,284
930,Zayd,225,Estrella,283
931,Camilo,224,Jayden,283
932,Dwayne,224,Kiana,283
933,Eason,224,Melania,283
934,Kaiser,224,Kaya,282
935,Markus,224,Harmoni,281
936,Foster,223,Ingrid,281
937,Koa,222,Jazlynn,281
938,Agustin,221,Kaylin,281
939,Bridger,221,Arely,280
940,Davian,221,Jurnee,279
941,Jabari,221,Marjorie,279
942,Judson,221,Mylah,279
943,Lyric,221,Paityn,279
944,Nickolas,221,Dana,278
945,Shmuel,221,Ellianna,278
946,Bjorn,220,Kailee,278
947,Tristian,220,Legacy,278
948,Emmet,219,Oaklee,278
949,Vivaan,219,Ailani,277
950,Brayson,218,Courtney,277
951,Leif,218,Holland,277
952,Marley,218,Magdalena,277
953,Mike,218,Carla,276
954,Greysen,217,Evalyn,276
955,Ignacio,217,Halle,276
956,Kenny,217,Karlie,276
957,Chad,216,Kenya,275
958,Ernest,216,Saoirse,275
959,Rocky,216,Susan,275
960,Gatlin,215,Kaiya,274
961,Jessie,215,Aryanna,273
962,Kyng,215,Esperanza,273
963,Randall,215,Naya,273
964,Reign,215,Desiree,272
965,Vaughn,215,Kimora,272
966,Zahir,215,Renee,272
967,Louie,214,Ensley,271
968,Ira,213,Treasure,271
969,Javon,213,Ellison,270
970,Khari,213,Adilynn,269
971,Reagan,213,Anabelle,268
972,Simeon,213,Caylee,268
973,Avi,212,Kristina,268
974,Ledger,212,Aranza,267
975,Yadiel,212,Egypt,267
976,Maddux,211,Spencer,267
977,Seamus,211,Tegan,267
978,Cedric,210,Emerald,266
979,Kylen,210,Florence,266
980,Dominique,209,Micah,266
981,Jad,209,Sonia,266
982,Jeremias,209,Vada,266
983,Rashad,209,Tara,265
984,Santos,208,Marlowe,264
985,Craig,207,Sunny,264
986,Gianluca,207,Yara,264
987,Jovanni,207,Alisa,262
988,Yisroel,207,Riya,262
989,Anton,206,Sylvie,262
990,Bishop,205,Carlee,261
991,Eliezer,205,Nathalia,261
992,Giancarlo,205,Samira,261
993,Brenden,204,Yamileth,261
994,Lyle,204,Etta,260
995,Alaric,203,Jenny,260
996,Camron,203,Saanvi,260
997,Decker,203,Brenna,259
998,Tyrone,203,Bryleigh,259
999,Howard,202,Miya,259
1000,Jaxx,202,Monserrat,259
